{
    "PlpMain": {
        "Project": "turtleBotVisitLocations",
        "Name": "navigate",
        "Type": "Glue",
        "Version": 1.0
    },
    "GlueFramework": "ROS",
    "ModuleActivation": {
        "RosService": {
            "ImportCode": [
                {
                    "From": "geometry_msgs.msg",
                    "Import": [
                        "Point"
                    ]
                },
                {
                    "From": "simple_navigation_goals.srv",
                    "Import": [
                        "navigate",
                        "navigateResponse"
                    ]
                }
            ],
            "ServicePath": "/navigate_to_point",
            "ServiceName": "navigate",
            "ServiceParameters": [
                {
                    "ServiceFieldName": "goal",
                    "AssignServiceFieldCode": "Point(x= nav_to_x, y= nav_to_y, z= nav_to_z)"
                }
            ]
        }
    },
    "ModuleResponse": {
        "ResponseRules": [
            {
                "Response": "eSuccess",
                "ConditionCodeWithLocalVariables": "True",
                "Comment": ""
            }
        ]
    }
}