{
    "PlpMain": {
        "Project": "iros",
        "Name": "detect_board_state",
        "Type": "PLP",
        "Version": 1
    },
    "Preconditions": {
        "GlobalVariablePreconditionAssignments": [
            { 
                "AssignmentCode": "__meetPrecondition=!state.isRobotTurn;"
            }
        ], 
        "ViolatingPreconditionPenalty": -10
    },
    "DynamicModel": {
        "NextStateAssignments": [
            { 
                "AssignmentCode": [
                "state__.isRobotTurn=!state.isRobotTurn;",
                "__moduleResponseStr = \"_________\";",
                "for(int i=0;i<state.grid.size(); i++)",
                "{",
                "   __moduleResponseStr[i] = state__.grid[i] == eX ? 'X' : state__.grid[i] == eO ? 'O' : '?';",
                "}",
                "__reward = 0;"
            ] 
        }
        ]
    }
}