{
    "PlpMain": {
        "Project": "iros",
        "Name": "environment",
        "Type": "Environment"
    },
    "EnvironmentGeneral": {
        "Horizon": 10,
        "Discount": 0.99
    },
    "GlobalVariableTypes": [
        {
            "TypeName": "tSymbols",
            "Type": "enum",
            "EnumValues": ["eEmpty","eO","eX"]
        }
    ],
    "GlobalVariablesDeclaration": [
        {
            "Name": "grid",
            "Type": "int",
            "IsArray": true,
            "DefaultCode": "state.grid={eEmpty,eEmpty,eEmpty,eEmpty,eEmpty,eEmpty,eEmpty,eEmpty,eEmpty};"
        },
        {
            "Name": "isRobotTurn",
            "Type": "bool",
            "DefaultCode": "state.isRobotTurn=true;"
        } 
    ],
    "InitialBeliefStateAssignments": [],
    "SpecialStates": [
        {
            "StateFunctionCode":[
                {
                    "AssignmentCode":[
                        "vector<vector<int>> game_end{{8,7,6},{5,4,3},{2,1,0},",
                        "                             {8,5,2},{7,4,1},{6,3,0},",
                        "                             {8,4,0},{6,4,2}};",
                        "for(int i =0; i < game_end.size(); i++)",
                        "{",
                        "int a = game_end[i][0], b = game_end[i][1], c = game_end[i][2];",
                        "   if(state.grid[a] != eEmpty && state.grid[a] == state.grid[b] && state.grid[b] == state.grid[c])",
                        "   {",
                        "      __reward = state.grid[a] == eO ? 10 : -10;",
                        "      __isGoalState=true;",
                        "      break;",
                        "   }",
                        "}",
                        "__isGoalState |= !std::any_of(state.grid.cbegin(), state.grid.cend(), [&](int cell){ return cell == eEmpty; });"
                    ]
                }
                
            ]
        }
    ],
    "ExtrinsicChangesDynamicModel": [
        { 
            "AssignmentCode": [
            "if(!state.isRobotTurn){",
            "int emptyC = 0;",
            "for_each(state.grid.begin(),state.grid.end(),[&](int const& cell){emptyC += cell == eEmpty ? 1 : 0;});",
            "float w = 1.0/emptyC;",
            "vector<float> weights{};",
            "for(int i=0;i< state.grid.size();i++)",
            "{",
            "  weights.push_back(state.grid[i] == eEmpty ? w : 0.0);",
            "}",
            "int sampledCell = AOSUtils::SampleDiscrete(weights);",
            "state_.grid[sampledCell] = eX;",
            "state_.isRobotTurn = true;}"
        ]
        }
    ]
}
