{
    "PlpMain": {
        "Project": "iros",
        "Name": "draw_in_cell",
        "Type": "Glue",
        "Version": 1.0
    },
    "GlueFramework": "ROS",
    "ModuleResponse": { 
        "ResponseRules": [
            {
                "Response": "res_success",
                "ConditionCodeWithLocalVariables": "success"
            },
            {
                "Response": "res_failed",
                "ConditionCodeWithLocalVariables": "not success"
            }
        ]
    },
    "ModuleActivation": {
        "RosService": {
            "ImportCode": [
                {
                    "From": "panda_demo.srv",
                    "Import": [
                        "*"
                    ]
                }
            ],
            "ServiceName": "mark_cell",
            "ServicePath": "/mark_tic_tac_toe_cell_service",
            "ServiceParameters": [
                {
                    "ServiceFieldName": "cell",
                    "AssignServiceFieldCode": "str(cell_to_mark)"
                }
            ]
        }
    },
    "LocalVariablesInitialization": [
        {
            "InputLocalVariable": "cell_to_mark",
            "FromGlobalVariable": "oCellP"
        },
        {
            "LocalVariableName": "success",
            "FromROSServiceResponse": true,
            "VariableType":"bool",
            "AssignmentCode": "success = __input.response == 'success'"
        }
    ]
     
}