{
    "PlpMain": {
        "Project": "turtleBotExplore",
        "Name": "navigate",
        "Type": "PLP",
        "Version": 1
    },
    "GlobalVariableModuleParameters": [
        {
            "Name": "oDirection",
            "Type": "float"
        },
        {
            "Name": "oExecuteAction",
            "Type": "bool"
        }
    ],
    "Preconditions": {
        "GlobalVariablePreconditionAssignments": [
            {
                "AssignmentName": "__meetPrecondition",
                "AssignmentCode": "__meetPrecondition= state.robotWasInitialized == oExecuteAction"
            }
        ],
        "ViolatingPreconditionPenalty": -80000000
    },
    "DynamicModel": {
        "NextStateAssignments": [
            {
                "AssignmentName": "the first action initialize the robot",
                "AssignmentCode": "state__.robotWasInitialized = true; "
            },
            {
                "AssignmentName": "first",
                "AssignmentCode": "if(state__.map_resolution == 0){return;}"
            },
            {
                "AssignmentName": "first",
                "AssignmentCode": "float mapRes = abs(state__.map_resolution)"
            },
            {
                "AssignmentName": "first",
                "AssignmentCode": "state__.map_resolution = mapRes;"
            },
            {
                "AssignmentName": "the new robot orientation in degrees. the range is (-180,180]   ,Step 1",
                "AssignmentCode": "state__.orientation= std::fmod((state.orientation + oDirection*(1.5/90.0)),360);"
            },
            {
                "AssignmentName": "the new robot orientation in degrees. the range is (-180,180]   ,Step 2",
                "AssignmentCode": "state__.orientation= abs(state__.orientation) <= 180 ? state__.orientation : (state__.orientation > 0 ? -180 + ( std::fmod(state__.orientation, 180)) : 180 + ( std::fmod(state__.orientation, 180)));"
            },
            {
                "AssignmentName": "move X if no obstacles on the way",
                "AssignmentCode": "state__.robotRealLocX= state.robotRealLocX + cos(state__.orientation) * 0.86;"
            },
            {
                "AssignmentName": "move Y if no obstacles on the way",
                "AssignmentCode": "state__.robotRealLocY= state.robotRealLocY + sin(state__.orientation) * 0.86;"
            },
            {
                "AssignmentName": "find the occupancy grid cell by real location and map metadata",
                "AssignmentCode": "state__.robotGridLocX = int((state__.robotRealLocX - state__.map_position_x) / mapRes);"
            },
            {
                "AssignmentName": "find the occupancy grid cell by real location and map metadata",
                "AssignmentCode": "state__.robotGridLocY = int((state__.robotRealLocY - state__.map_position_y) / mapRes);"
            },
            {
                "AssignmentName": "should we iterate up or down in x",
                "AssignmentCode": "float signX = (state__.robotRealLocX-state.robotRealLocX) == 0 ? 1 : (state__.robotRealLocX-state.robotRealLocX)/abs(state__.robotRealLocX-state.robotRealLocX);"
            },
            {
                "AssignmentName": "should we iterate up or down in y",
                "AssignmentCode": "float signY = (state__.robotRealLocY-state.robotRealLocY) == 0 ? 1 : (state__.robotRealLocY-state.robotRealLocY)/abs(state__.robotRealLocY-state.robotRealLocY);"
            },
            {
                "AssignmentName": "go until hitting an obstacle",
                "AssignmentCode": "for(float curX= state.robotRealLocX; (signX > 0 && curX <= state__.robotRealLocX) || (signX < 0 && curX >= state__.robotRealLocX); curX+= signX *mapRes)
                {for(float curY= state.robotRealLocY; (signY > 0 && curY <= state__.robotRealLocY) || (signY < 0 && curY >= state__.robotRealLocY); curY+= signY *mapRes)
                    {int occupancyIndX = (int)((curX - state__.map_position_x) / mapRes);
                    int occupancyIndY = (int)((curY - state__.map_position_y) / mapRes);
                    int cellValue = state.occupancyGrid.size() == 0 ? 0 : state.occupancyGrid[occupancyIndX + state__.map_width*occupancyIndY];if(cellValue > 50)
                    {state__.robotRealLocX = curX- signX *mapRes;state__.robotRealLocY = curY- signY *mapRes;
                    state__.robotGridLocX = int((state__.robotRealLocX - state__.map_position_x) / state__.map_resolution);state__.robotGridLocY = int((state__.robotRealLocY - state__.map_position_x) / state__.map_resolution);break;}}}"
            },
            {
                "AssignmentName": "points to mark unknown cells around them",
                "AssignmentCode": "int coordinatesX [] = {state__.robotRealLocX, (state__.robotRealLocX - (state__.robotRealLocX - state.robotRealLocX)/2)};"
            },
            {
                "AssignmentName": "points to mark unknown cells around them",
                "AssignmentCode": "int coordinatesY [] = {state__.robotRealLocY, (state__.robotRealLocY - (state__.robotRealLocY - state.robotRealLocY)/2)};"
            },
            {
                "AssignmentName": "count unknouwn marked cells",
                "AssignmentCode": "int countUnknownCells=0;"
            },
            {
                "AssignmentName": "set laser Range",
                "AssignmentCode": "float laserRange=2.0;"
            },
            {
                "AssignmentName": "iterate and mark cells",
                "AssignmentCode": "for(int pointId = 0; pointId < 2; pointId++){for(int degree = 0; degree < 360; degree+=2){bool obstacleFound=false;float untilX = coordinatesX[pointId] + cos(degree)*laserRange; float untilY = coordinatesY[pointId] + cos(degree)*laserRange;float signX = (untilX-coordinatesX[pointId])/abs(untilX-coordinatesX[pointId]);float signY = (untilY-coordinatesY[pointId])/abs(untilY-coordinatesY[pointId]);for(float curY= coordinatesY[pointId]; (signY > 0 && curY <= untilY) || (signY < 0 && curY >= untilY); curY+= signY *mapRes){for(float curX= coordinatesX[pointId]; (signX > 0 && curX <= untilX) || (signY < 0 && curX >= untilX); curX+= signX *mapRes){int occupancyIndX = (int)((curX - state__.map_position_x) / mapRes);int occupancyIndY = (int)((curY - state__.map_position_y) / mapRes);int cellValue = state.occupancyGrid[occupancyIndX + state__.map_width*occupancyIndY];if(cellValue > 50){obstacleFound=true;break;}if(cellValue == -1 && state__.occupancyGrid[occupancyIndX + state__.map_width*occupancyIndY] == -1){countUnknownCells++;state__.occupancyGrid[occupancyIndX + state__.map_width*occupancyIndY] =0;}}if(obstacleFound){break;}}}}"
            },
            {
                "AssignmentName": "fo debug copy only ",
                "AssignmentCode": "state__.occupancyGrid2.clear();state__.occupancyGrid2.insert(state__.occupancyGrid2.begin(), state__.occupancyGrid.begin(), state__.occupancyGrid.end());"
            },
            {
                "AssignmentName": "reward by marked cells",
                "AssignmentCode": "__reward = countUnknownCells;"
            }
        ]
    },
    "StateGivenObservationModel": {
        "Assignments": []
    }
}